País,R2
Chile,0.9529588667263416
Portugal,0.8259958180662419
Argentina,0.5875226423946431
Espanha,0.7804507986439136
França,0.46790045808075176
