País,R2
Paraguai,0.7446213020451502
Haiti,0.6438729168534287
Uruguai,0.3691830347650191
Venezuela,0.3110043897822736
Curaçao,0.7119735723942096
