País,R2
Chile,0.90874470170716
Portugal,0.9091369758713286
Argentina,0.5537387659055648
Espanha,0.8349796595830402
França,0.7454290955939238
